Video Links,Youtube Channel,Channel Category
https://www.youtube.com/watch?v=F2xmvXsGgqE,DY365,News
https://www.youtube.com/watch?v=YOB_Grfjc48,DY365,News
https://www.youtube.com/watch?v=0YQ0hma8gM8,DY365,News
https://www.youtube.com/watch?v=XRp2yuswR5M,DY365,News
https://www.youtube.com/watch?v=SBrpIKsP7V0,DY365,News
https://www.youtube.com/watch?v=BQCOzdjS8Vk,DY365,News
https://www.youtube.com/watch?v=ouHekQZrM8U,DY365,News
https://www.youtube.com/watch?v=vJNgzEVxOKw,DY365,News
https://www.youtube.com/watch?v=dMnklYuW0_s,DY365,News
https://www.youtube.com/watch?v=ffm3-NkA2QA,DY365,News
https://www.youtube.com/watch?v=BgYbXFQ038o,Dimpu Baruah,Entertainment
https://www.youtube.com/watch?v=2TiZV_RBUEE,Dimpu Vlogs,Entertainment
https://www.youtube.com/watch?v=aB70vWtbkYk,Dimpu Vlogs,Entertainment
https://www.youtube.com/watch?v=mBS0n0fP1TY,Dimpu Vlogs,Entertainment
